Cluster,TOTAL_CLIENTS,CHURN_CLIENTS,CHURN_SHARE_IN_CLUSTER,SHARE_OF_ALL_CHURN
0,1175,29,0.02468085106382979,0.042709867452135494
1,1771,0,0.0,0.0
2,1202,650,0.540765391014975,0.9572901325478645
3,852,0,0.0,0.0
